<?xml version="1.0" encoding="UTF-8"?>
<project-private xmlns="http://www.netbeans.org/ns/project-private/1">
    <editor-bookmarks xmlns="http://www.netbeans.org/ns/editor-bookmarks/2" lastBookmarkId="0"/>
    <open-files xmlns="http://www.netbeans.org/ns/projectui-open-files/2">
        <group>
            <file>file:/C:/Users/Mayank%20Verma/Documents/NetBeansProjects/AuthenticationServlet1/src/java/my/MyFilter.java</file>
            <file>file:/C:/Users/Mayank%20Verma/Documents/NetBeansProjects/AuthenticationServlet1/src/java/my/AdminServlet.java</file>
            <file>file:/C:/Users/Mayank%20Verma/Documents/NetBeansProjects/AuthenticationServlet1/web/WEB-INF/web.xml</file>
            <file>file:/C:/Users/Mayank%20Verma/Documents/NetBeansProjects/AuthenticationServlet1/web/index.html</file>
        </group>
    </open-files>
</project-private>
